open_timestamp_utc,close_timestamp_utc,open,high,low,close,volume
1556823600,1556827199,0.0087,0.0087,0.0087,0.0087,50.17
1556827200,1556830799,0.01,0.01001,0.01,0.01001,2.47
1556841600,1556845199,0.0109,0.0109,0.0109,0.0109,0.01
1556848800,1556852399,0.0109,0.0109,0.0109,0.0109,0.01
1556852400,1556855999,0.010883,0.010883,0.010883,0.010883,20.0
1556863200,1556866799,0.010883,0.010883,0.01088,0.01088,0.395
1556866800,1556870399,0.010767,0.010767,0.010767,0.010767,0.1
1556881200,1556884799,0.010699,0.010699,0.010699,0.010699,0.923
1556895600,1556899199,0.010669,0.0107,0.010669,0.0107,6.24
1556899200,1556902799,0.0107,0.0109,0.0107,0.0109,0.176
1556906400,1556909999,0.010967,0.010967,0.010967,0.010967,0.2
1556924400,1556927999,0.010967,0.010967,0.010967,0.010967,2.73
1556935200,1556938799,0.010844,0.010844,0.010844,0.010844,0.05
1556953200,1556956799,0.010712,0.010712,0.010712,0.010712,0.0541
1556956800,1556960399,0.010712,0.010712,0.010712,0.010712,0.156
1557000000,1557003599,0.010547,0.010547,0.010532,0.010532,4.89
1557007200,1557010799,0.010463,0.010527,0.010463,0.010527,54
1557014400,1557017999,0.010504,0.010504,0.010476,0.010476,0.744
1557021600,1557025199,0.010476,0.010476,0.010475,0.010475,19.1
1557039600,1557043199,0.010475,0.010475,0.010334,0.010334,0.31
1557046800,1557050399,0.010403,0.010403,0.010403,0.010403,0.32
1557054000,1557057599,0.010256,0.010256,0.010256,0.010256,2.46
1557057600,1557061199,0.010415,0.010415,0.010415,0.010415,0.32
1557064800,1557068399,0.010338,0.010338,0.010316,0.010316,3.65
1557068400,1557071999,0.010315,0.010316,0.010311,0.010316,9.92
1557072000,1557075599,0.010316,0.0104,0.010316,0.0104,0.0483
1557079200,1557082799,0.010369,0.010369,0.010369,0.010369,2.05
1557082800,1557086399,0.010369,0.010369,0.010207,0.010207,5
1557086400,1557089999,0.010329,0.010329,0.010329,0.010329,0.16
1557090000,1557093599,0.010348,0.010348,0.010348,0.010348,0.1
1557093600,1557097199,0.010285,0.010285,0.010285,0.010285,9.88
1557100800,1557104399,0.010388,0.0105,0.010373,0.0105,8.85
1557104400,1557107999,0.010492,0.010492,0.01048,0.01048,0.4
1557108000,1557111599,0.0105,0.0105,0.0105,0.0105,39.83
1557118800,1557122399,0.01039,0.01039,0.01039,0.01039,8.2
1557122400,1557125999,0.01039,0.01039,0.01039,0.01039,2.35
1557129600,1557133199,0.010462,0.010462,0.010462,0.010462,61.09
1557136800,1557140399,0.010462,0.010548,0.010462,0.010548,5
1557154800,1557158399,0.010481,0.010481,0.010477,0.010477,82.34
1557158400,1557161999,0.010477,0.010577,0.010477,0.010577,0.213
1557162000,1557165599,0.010533,0.010533,0.010533,0.010533,1
1557180000,1557183599,0.010502,0.010502,0.010502,0.010502,0.1
1557183600,1557187199,0.010469,0.010469,0.010469,0.010469,3.47
1557187200,1557190799,0.01049,0.010533,0.01049,0.010533,15.11
1557194400,1557197999,0.010468,0.010468,0.010388,0.010388,0.0924
1557219600,1557223199,0.010239,0.010239,0.010126,0.010126,1.05
1557223200,1557226799,0.010081,0.010081,0.010081,0.010081,10
1557234000,1557237599,0.010111,0.010111,0.010111,0.010111,1.25
1557241200,1557244799,0.01005,0.01005,0.01004,0.01004,1.04
1557244800,1557248399,0.010014,0.010014,0.010014,0.010014,0.081
1557248400,1557251999,0.01,0.01,0.01,0.01,11
1557259200,1557262799,0.01,0.01,0.01,0.01,0.1
1557273600,1557277199,0.009838,0.009838,0.009838,0.009838,0.01
1557291600,1557295199,0.009809,0.009809,0.009809,0.009809,10
1557327600,1557331199,0.009796,0.009796,0.009796,0.009796,0.5
1557334800,1557338399,0.009759,0.009759,0.009759,0.009759,0.05
1557338400,1557341999,0.009759,0.009759,0.00974,0.00974,13
1557345600,1557349199,0.00974,0.00974,0.009737,0.009737,1.01
1557349200,1557352799,0.009745,0.009745,0.009737,0.009737,2.01
1557352800,1557356399,0.009702,0.009702,0.0097,0.0097,0.0876
1557356400,1557359999,0.0097,0.0097,0.0097,0.0097,0.0419
1557360000,1557363599,0.00973,0.00973,0.0097,0.0097,31.94
1557363600,1557367199,0.0097,0.0097,0.009639,0.009639,3.11
1557370800,1557374399,0.009668,0.009668,0.009668,0.009668,0.05
1557374400,1557377999,0.009662,0.009662,0.009639,0.009639,0.17
1557378000,1557381599,0.0095,0.0095,0.0095,0.0095,1.1
1557392400,1557395999,0.009446,0.009446,0.009446,0.009446,5
1557399600,1557403199,0.009431,0.009431,0.009431,0.009431,12.34
1557403200,1557406799,0.009432,0.009432,0.00941,0.00941,12.54
1557406800,1557410399,0.009406,0.009406,0.0094,0.0094,0.55
1557410400,1557413999,0.009371,0.009371,0.009371,0.009371,5
1557421200,1557424799,0.009189,0.009221,0.009189,0.009207,0.859
1557424800,1557428399,0.009206,0.009206,0.009112,0.009129,13.95
1557428400,1557431999,0.009142,0.009146,0.009142,0.009146,11.51
1557432000,1557435599,0.009146,0.009146,0.009146,0.009146,5.49
1557435600,1557439199,0.009146,0.009146,0.009111,0.009111,1.71
1557439200,1557442799,0.009392,0.009392,0.009111,0.009111,2.23
1557442800,1557446399,0.0093,0.0093,0.0093,0.0093,18.84
1557446400,1557449999,0.009175,0.009175,0.009175,0.009175,0.205
1557450000,1557453599,0.009165,0.009165,0.009165,0.009165,0.5
1557453600,1557457199,0.009111,0.009111,0.009028,0.009028,0.022
1557457200,1557460799,0.009017,0.009017,0.009,0.009,0.2
1557478800,1557482399,0.00913,0.00913,0.00913,0.00913,1.5
1557482400,1557485999,0.00913,0.00913,0.00913,0.00913,1.2
1557489600,1557493199,0.009118,0.009118,0.009108,0.009108,47.38
1557493200,1557496799,0.009108,0.009108,0.009096,0.009096,16.13
1557500400,1557503999,0.009096,0.009096,0.009096,0.009096,0.591
1557504000,1557507599,0.009058,0.009058,0.008982,0.008982,46.48
1557507600,1557511199,0.008956,0.008956,0.008956,0.008956,13
1557518400,1557521999,0.009058,0.009058,0.009058,0.009058,18.52
1557522000,1557525599,0.009058,0.009058,0.009058,0.009058,0.0816
1557525600,1557529199,0.009058,0.009058,0.009058,0.009058,4.62
1557536400,1557539999,0.00895,0.00895,0.00895,0.00895,2.2
1557540000,1557543599,0.008875,0.008875,0.008875,0.008875,1.01
1557543600,1557547199,0.008793,0.008793,0.008789,0.008789,11.16
1557547200,1557550799,0.00871,0.00871,0.008546,0.008546,62.41
1557550800,1557554399,0.008546,0.008559,0.008546,0.008559,90.65
1557554400,1557557999,0.008553,0.008553,0.0084,0.00855,10.05
1557558000,1557561599,0.008503,0.008503,0.008503,0.008503,1.85
1557561600,1557565199,0.00855,0.008663,0.00855,0.008663,0.0332
1557568800,1557572399,0.009,0.009044,0.008995,0.009044,7.87
1557572400,1557575999,0.0089,0.0089,0.0089,0.0089,9.1
1557579600,1557583199,0.008961,0.009001,0.008961,0.009001,0.0781
1557583200,1557586799,0.009056,0.009096,0.009056,0.009096,39.33
1557586800,1557590399,0.009081,0.009084,0.009012,0.009012,12.01
1557590400,1557593999,0.008933,0.008933,0.008933,0.008933,0.106
1557597600,1557601199,0.009085,0.009085,0.009085,0.009085,0.54
1557601200,1557604799,0.009141,0.00915,0.009141,0.009147,5
1557604800,1557608399,0.009152,0.009152,0.009152,0.009152,1
1557608400,1557611999,0.0091,0.009101,0.009085,0.009085,120.81
1557612000,1557615599,0.009084,0.009087,0.008995,0.008995,4.29
1557615600,1557619199,0.008995,0.008995,0.008945,0.008945,2
1557622800,1557626399,0.008808,0.008808,0.008764,0.008764,53
1557626400,1557629999,0.008708,0.008761,0.0087,0.0087,3.01
1557644400,1557647999,0.008596,0.008649,0.008596,0.008649,5.48
1557651600,1557655199,0.008588,0.008588,0.008588,0.008588,0.619
1557655200,1557658799,0.008582,0.008642,0.008582,0.008642,0.2
1557669600,1557673199,0.008562,0.0086,0.008562,0.0086,5.74
1557676800,1557680399,0.008668,0.008668,0.008668,0.008668,0.04
1557680400,1557683999,0.00874,0.00874,0.008707,0.008707,20.26
1557684000,1557687599,0.008707,0.008707,0.008622,0.008622,7.65
1557687600,1557691199,0.0086,0.00864,0.0086,0.00864,13.66
1557702000,1557705599,0.008657,0.008661,0.008657,0.008661,4.03
1557705600,1557709199,0.00866,0.0087,0.00866,0.0087,0.262
1557709200,1557712799,0.00862,0.00862,0.008617,0.008617,5.01
1557712800,1557716399,0.008686,0.008686,0.008686,0.008686,30
1557720000,1557723599,0.008708,0.008708,0.008708,0.008708,0.01
1557738000,1557741599,0.0087,0.008748,0.0087,0.008748,1.5
1557745200,1557748799,0.008704,0.008708,0.008696,0.008708,35.47
1557748800,1557752399,0.0086,0.0086,0.0086,0.0086,1.5
1557752400,1557755999,0.008593,0.008593,0.00855,0.00855,7.39
1557756000,1557759599,0.00855,0.00855,0.00852,0.008526,43.43
1557759600,1557763199,0.008503,0.008503,0.008325,0.008325,1.06
1557763200,1557766799,0.008325,0.008346,0.008318,0.008318,3.91
1557766800,1557770399,0.00818,0.00818,0.00818,0.00818,3
1557770400,1557773999,0.00827,0.00827,0.00827,0.00827,52.19
1557774000,1557777599,0.008237,0.008237,0.008237,0.008237,1.51
1557777600,1557781199,0.008175,0.008201,0.008175,0.008201,49.25
1557781200,1557784799,0.008167,0.008167,0.00815,0.00815,2.22
1557784800,1557788399,0.008176,0.008176,0.008,0.008,83.18
1557788400,1557791999,0.008,0.008117,0.008,0.008117,11.45
1557792000,1557795599,0.008034,0.008034,0.008034,0.008034,0.408
1557795600,1557799199,0.00803,0.008046,0.00803,0.008046,8.42
1557799200,1557802799,0.008042,0.008237,0.008042,0.008237,10.16
1557802800,1557806399,0.008238,0.008238,0.008238,0.008238,1.04
1557806400,1557809999,0.008195,0.008209,0.008191,0.008209,0.445
1557810000,1557813599,0.00821,0.008382,0.00821,0.008382,9.03
1557813600,1557817199,0.008315,0.008315,0.008315,0.008315,74
1557817200,1557820799,0.008315,0.008315,0.008237,0.008237,18.6
1557820800,1557824399,0.008237,0.008242,0.008237,0.008242,11.59
1557824400,1557827999,0.008284,0.008284,0.008284,0.008284,0.1
1557828000,1557831599,0.008325,0.008358,0.008325,0.008358,0.443
1557831600,1557835199,0.00832,0.00832,0.00832,0.00832,3.76
1557835200,1557838799,0.00832,0.00832,0.00832,0.00832,43.24
1557838800,1557842399,0.008281,0.008281,0.008281,0.008281,0.561
1557842400,1557845999,0.008274,0.00846,0.008274,0.008425,48.11
1557846000,1557849599,0.008312,0.008312,0.008312,0.008312,0.0417
1557849600,1557853199,0.00834,0.008353,0.008298,0.008298,13.85
1557856800,1557860399,0.008362,0.00837,0.008362,0.00837,60.83
1557860400,1557863999,0.00837,0.00837,0.00837,0.00837,0.0001
1557864000,1557867599,0.008367,0.008367,0.008367,0.008367,0.0566
1557867600,1557871199,0.0084,0.0084,0.0084,0.0084,2.99
1557871200,1557874799,0.00836,0.008415,0.00836,0.008415,0.5
1557874800,1557878399,0.008439,0.008539,0.008439,0.008479,55.68
1557878400,1557881999,0.008507,0.008507,0.008459,0.00848,7.07
1557882000,1557885599,0.008548,0.008569,0.008548,0.008565,8.38
1557885600,1557889199,0.008599,0.008662,0.008593,0.008625,63.73
1557889200,1557892799,0.0086,0.008644,0.0086,0.008644,9.17
1557892800,1557896399,0.008647,0.008736,0.008647,0.008736,12.64
1557896400,1557899999,0.00875,0.00875,0.00875,0.00875,0.5
1557900000,1557903599,0.00889,0.00896,0.008801,0.008863,10.09
1557903600,1557907199,0.008863,0.008863,0.008842,0.008842,3.98
1557907200,1557910799,0.008842,0.008842,0.008842,0.008842,4.7
1557910800,1557914399,0.00882,0.00882,0.00882,0.00882,0.0531
1557914400,1557917999,0.008879,0.009,0.008879,0.009,10.04
1557918000,1557921599,0.0091,0.0091,0.009075,0.0091,25.6
1557921600,1557925199,0.009118,0.009131,0.009,0.009,19.58
1557925200,1557928799,0.009005,0.009021,0.008983,0.008997,15.93
1557928800,1557932399,0.009017,0.009017,0.009017,0.009017,0.05
1557932400,1557935999,0.009002,0.009056,0.009002,0.009056,9.06
1557936000,1557939599,0.009113,0.009328,0.009113,0.009328,1.89
1557939600,1557943199,0.0093,0.009372,0.0093,0.00937,3.52
1557943200,1557946799,0.009405,0.009494,0.009235,0.009235,10.89
1557946800,1557950399,0.009217,0.009218,0.009195,0.009195,94.56
1557950400,1557953999,0.009215,0.009296,0.009178,0.009296,20.28
1557954000,1557957599,0.009369,0.009369,0.009224,0.009341,16.57
1557957600,1557961199,0.00932,0.009327,0.00932,0.009327,7
1557961200,1557964799,0.009341,0.009401,0.009341,0.009368,8.9
1557964800,1557968399,0.009461,0.00956,0.009461,0.00956,57.05
1557968400,1557971999,0.009495,0.0095,0.009495,0.0095,11.86
1557972000,1557975599,0.009561,0.00967,0.009561,0.00967,30.21
1557975600,1557979199,0.009725,0.00987,0.00969,0.009704,54.83
1557979200,1557982799,0.00969,0.00969,0.009382,0.009457,10.49
1557982800,1557986399,0.009433,0.009456,0.009326,0.00934,38.75
1557986400,1557989999,0.009432,0.0095,0.009432,0.0095,0.011
1557990000,1557993599,0.009583,0.009682,0.009583,0.009682,33.89
1557993600,1557997199,0.00967,0.009693,0.00967,0.009692,151.95
1557997200,1558000799,0.009692,0.009692,0.009692,0.009692,0.0005
1558000800,1558004399,0.009636,0.009636,0.009169,0.009344,82.74
1558004400,1558007999,0.009345,0.009461,0.009344,0.009461,5.03
1558008000,1558011599,0.0095,0.0095,0.009382,0.009382,9.44
1558011600,1558015199,0.009403,0.009526,0.009394,0.009526,7.44
1558015200,1558018799,0.009485,0.009589,0.009485,0.009589,0.0745
1558018800,1558022399,0.009694,0.0098,0.009694,0.009793,6.46
1558022400,1558025999,0.009754,0.009834,0.009729,0.009729,5.06
1558026000,1558029599,0.009682,0.009692,0.00968,0.00968,20.3
1558029600,1558033199,0.009657,0.009657,0.009657,0.009657,1.1
1558033200,1558036799,0.009627,0.00967,0.009627,0.00967,1.36
1558036800,1558040399,0.0097,0.0097,0.009654,0.009654,1.52
1558040400,1558043999,0.009644,0.00977,0.009597,0.009597,259.67
1558044000,1558047599,0.009635,0.00968,0.009537,0.009537,44.4614
1558047600,1558051199,0.00954,0.009561,0.009525,0.009532,0.7626
1558051200,1558054799,0.009532,0.009565,0.009477,0.009477,3.207
1558054800,1558058399,0.009477,0.009488,0.009268,0.009268,8.1966
1558058400,1558061999,0.009331,0.009389,0.009225,0.009282,9.1771
1558062000,1558065599,0.009332,0.009849,0.009327,0.009691,337.9265
1558065600,1558069199,0.009714,0.009749,0.009704,0.009729,21.0041
1558069200,1558072799,0.009711,0.009746,0.009711,0.009746,2.2849
1558072800,1558076399,0.009777,0.009777,0.009711,0.009711,10.597
1558076400,1558079999,0.009722,0.009767,0.0097,0.0097,8.5263
1558080000,1558083599,0.00972,0.009731,0.009642,0.009731,0.2675
1558083600,1558087199,0.00973,0.00973,0.009676,0.009676,5.1113
1558090800,1558094399,0.009675,0.009675,0.009513,0.00956,1.2656
1558094400,1558097999,0.009614,0.009694,0.009578,0.009694,0.1311
1558098000,1558101599,0.009694,0.009745,0.009666,0.009689,9.2272
1558101600,1558105199,0.009699,0.01005,0.009699,0.009975,12.3865
1558105200,1558108799,0.009975,0.01017,0.009882,0.010036,11.2714
1558108800,1558112399,0.010071,0.010071,0.009985,0.010006,84.8625
1558112400,1558115999,0.009985,0.010142,0.009985,0.009985,94.1292
1558116000,1558119599,0.009985,0.010028,0.009946,0.009957,6.0447
1558119600,1558123199,0.009947,0.010026,0.009941,0.009941,1.0606
1558123200,1558126799,0.009994,0.010043,0.009994,0.01002,3.2073
1558126800,1558130399,0.01,0.01004,0.01,0.01,1.5304
1558130400,1558133999,0.01,0.01,0.009981,0.009981,7.4424
1558134000,1558137599,0.01,0.01,0.009981,0.009981,0.1914
1558137600,1558141199,0.00998,0.01,0.009914,0.01,63.9566
1558141200,1558144799,0.009947,0.009999,0.009938,0.009999,1.3048
1558144800,1558148399,0.01001,0.010032,0.01001,0.010023,2.0717
1558148400,1558151999,0.010031,0.010096,0.009978,0.009978,10.5598
1558152000,1558155599,0.009972,0.009972,0.009935,0.009935,0.1611
1558155600,1558159199,0.009919,0.009965,0.009919,0.009965,15.3916
1558159200,1558162799,0.009928,0.00997,0.009928,0.009969,32.5865
1558162800,1558166399,0.0099,0.009911,0.009841,0.009853,1.7887
1558166400,1558169999,0.009841,0.009841,0.009794,0.009794,1.0382
1558170000,1558173599,0.009795,0.009911,0.009788,0.009911,1.7476
1558173600,1558177199,0.009856,0.009856,0.009831,0.009831,0.3061
1558177200,1558180799,0.00982,0.009873,0.00982,0.009873,0.1819
1558180800,1558184399,0.009832,0.009842,0.009832,0.009842,0.1356
1558184400,1558187999,0.009876,0.009876,0.009855,0.009855,0.2525
1558188000,1558191599,0.009791,0.009887,0.009791,0.009877,0.53
1558191600,1558195199,0.009877,0.009889,0.009843,0.009843,2.3469
1558195200,1558198799,0.009901,0.009935,0.009867,0.009935,5.7637
1558198800,1558202399,0.009935,0.009986,0.009935,0.009986,6.8467
1558202400,1558205999,0.009986,0.010018,0.009977,0.009977,1.1098
1558209600,1558213199,0.009976,0.009976,0.009936,0.009936,2.0101
1558213200,1558216799,0.010005,0.010005,0.009972,0.009972,0.2128
1558216800,1558220399,0.010025,0.010025,0.009928,0.009928,0.254
1558220400,1558223999,0.009927,0.009927,0.009922,0.009922,4.1486
1558224000,1558227599,0.009923,0.009923,0.009806,0.009806,0.6766
1558227600,1558231199,0.009809,0.009809,0.009715,0.009733,1.7144
1558231200,1558234799,0.009701,0.009701,0.009646,0.00969,10.534
1558234800,1558238399,0.009605,0.009624,0.009602,0.009602,3.1521
1558238400,1558241999,0.009611,0.009611,0.009548,0.009548,0.1289
1558242000,1558245599,0.009541,0.009601,0.009513,0.009526,9.8126
1558245600,1558249199,0.0095,0.009601,0.0095,0.009601,10.3687
1558252800,1558256399,0.009564,0.009566,0.009503,0.00956,1.3659
1558256400,1558259999,0.009529,0.009529,0.0095,0.0095,0.2162
1558260000,1558263599,0.009499,0.009554,0.009472,0.009472,20.9664
1558263600,1558267199,0.009469,0.009473,0.00946,0.009473,1.1302
1558267200,1558270799,0.009485,0.009567,0.009468,0.009542,28.5765
1558270800,1558274399,0.009562,0.009585,0.009562,0.009585,0.5861
1558274400,1558277999,0.009601,0.009629,0.009601,0.009629,5.4428
1558278000,1558281599,0.009622,0.009622,0.00959,0.00959,2.8665
1558281600,1558285199,0.009589,0.00959,0.009574,0.009574,0.664
1558285200,1558288799,0.009574,0.009628,0.009574,0.00958,6.6454
1558288800,1558292399,0.009601,0.009613,0.009583,0.009583,1.1734
1558292400,1558295999,0.009583,0.009598,0.009565,0.00959,7.6019
1558296000,1558299599,0.009559,0.009629,0.009559,0.009629,0.1116
1558303200,1558306799,0.009592,0.0096,0.009507,0.009544,18.72
1558306800,1558310399,0.009515,0.009522,0.009488,0.009488,7.2375
1558310400,1558313999,0.009488,0.009576,0.00943,0.009576,61.754
1558314000,1558317599,0.009629,0.009653,0.009539,0.009539,3.6701
1558317600,1558321199,0.009614,0.009614,0.009468,0.009468,0.3733
1558321200,1558324799,0.00954,0.00954,0.00948,0.00948,0.252
1558324800,1558328399,0.009505,0.009505,0.009459,0.009459,1.9194
1558328400,1558331999,0.009511,0.009511,0.009451,0.009451,0.0644
1558332000,1558335599,0.009467,0.009532,0.009467,0.009481,0.3497
1558335600,1558339199,0.009495,0.009567,0.009495,0.009519,1.1193
1558339200,1558342799,0.009497,0.009545,0.009497,0.009545,0.2155
1558346400,1558349999,0.009538,0.009542,0.009536,0.009542,0.258
1558353600,1558357199,0.009535,0.00957,0.009481,0.00957,1.1092
1558357200,1558360799,0.009584,0.009694,0.009584,0.009694,1.4394
1558360800,1558364399,0.009698,0.00972,0.009678,0.00972,10.5811
1558364400,1558367999,0.009713,0.009731,0.009671,0.009731,12.6106
1558368000,1558371599,0.009717,0.00979,0.009679,0.00979,0.3288
1558371600,1558375199,0.009689,0.009736,0.009689,0.009728,0.4012
1558375200,1558378799,0.009797,0.00981,0.009766,0.009808,0.1038
1558378800,1558382399,0.009798,0.009836,0.009798,0.009836,1.8515
1558382400,1558385999,0.009836,0.009836,0.009753,0.009753,0.5119
1558386000,1558389599,0.009669,0.009723,0.009574,0.009584,70.5935
1558389600,1558393199,0.00955,0.009572,0.009467,0.009572,26.6803
1558393200,1558396799,0.009569,0.009569,0.009516,0.009516,1.0138
1558396800,1558400399,0.009528,0.009593,0.009528,0.009543,0.057
1558400400,1558403999,0.009565,0.009565,0.009546,0.009546,4.1862
1558404000,1558407599,0.009501,0.009501,0.0094,0.009421,8.8126
1558407600,1558411199,0.009472,0.009472,0.009384,0.009384,0.282
1558411200,1558414799,0.009416,0.009479,0.009416,0.009429,0.1069
1558414800,1558418399,0.009436,0.009464,0.009436,0.009464,0.2431
1558422000,1558425599,0.009512,0.009512,0.009467,0.009467,0.3006
1558425600,1558429199,0.009514,0.009514,0.009507,0.009507,0.282
1558432800,1558436399,0.009471,0.009507,0.009471,0.009507,0.4204
1558440000,1558443599,0.009466,0.00951,0.009466,0.00951,1.2011
1558443600,1558447199,0.00951,0.00951,0.009509,0.009509,0.2083
1558447200,1558450799,0.009503,0.009518,0.009503,0.009518,4.1894
1558450800,1558454399,0.0095,0.009509,0.0095,0.009509,0.1486
1558454400,1558457999,0.009513,0.009611,0.009512,0.009611,0.2271
1558458000,1558461599,0.009605,0.009605,0.009564,0.009564,1.2174
1558461600,1558465199,0.009558,0.009558,0.009521,0.009521,0.0823
1558465200,1558468799,0.009539,0.009539,0.00946,0.00946,0.7886
1558468800,1558472399,0.009465,0.009502,0.009431,0.009438,24.8321
1558472400,1558475999,0.009425,0.009425,0.00942,0.00942,22.5738
1558476000,1558479599,0.009428,0.009461,0.009403,0.009403,0.2097
1558483200,1558486799,0.009424,0.009447,0.009424,0.009447,0.1536
1558490400,1558493999,0.009412,0.009415,0.009408,0.009408,0.2898
1558494000,1558497599,0.009407,0.009421,0.009407,0.009421,0.2322
1558497600,1558501199,0.009396,0.009424,0.009396,0.009423,3.926
1558504800,1558508399,0.009425,0.009435,0.00939,0.00939,0.2907
1558512000,1558515599,0.00939,0.009425,0.00939,0.009425,0.0775
1558515600,1558519199,0.00939,0.00939,0.009378,0.009378,2.1233
1558519200,1558522799,0.009378,0.009397,0.009308,0.009308,0.3883
1558522800,1558526399,0.00929,0.009298,0.009192,0.009285,70.9037
1558526400,1558529999,0.009301,0.009301,0.009252,0.009252,0.2815
1558530000,1558533599,0.00928,0.00928,0.00928,0.00928,3.6899
1558533600,1558537199,0.009269,0.0093,0.009252,0.009262,2.1639
1558540800,1558544399,0.009211,0.009211,0.009165,0.009192,0.5164
1558544400,1558547999,0.009211,0.009214,0.0092,0.009214,1.034
1558551600,1558555199,0.00929,0.00929,0.009257,0.009257,0.6324
1558555200,1558558799,0.00921,0.00921,0.0092,0.0092,1.0669
1558558800,1558562399,0.009163,0.009238,0.009163,0.009238,6.1875
1558562400,1558565999,0.009186,0.009191,0.009186,0.009191,0.128
1558566000,1558569599,0.009168,0.009209,0.009168,0.009191,0.488
1558569600,1558573199,0.009208,0.009208,0.009189,0.009189,0.1159
1558573200,1558576799,0.009195,0.009195,0.009195,0.009195,0.0194
1558576800,1558580399,0.009139,0.009139,0.009136,0.009136,0.1426
1558580400,1558583999,0.009166,0.009166,0.009166,0.009166,0.0556
1558584000,1558587599,0.009242,0.009317,0.009242,0.009317,0.5146
1558587600,1558591199,0.009261,0.009261,0.009233,0.009233,0.2063
1558591200,1558594799,0.009202,0.009202,0.009167,0.009167,0.067
1558594800,1558598399,0.009178,0.009178,0.009145,0.009168,1.5106
1558598400,1558601999,0.009081,0.009125,0.00902,0.00902,32.9422
1558602000,1558605599,0.00902,0.009122,0.00902,0.009122,0.6265
1558605600,1558609199,0.009098,0.009224,0.009098,0.009224,0.1784
1558609200,1558612799,0.009176,0.009181,0.009176,0.009181,0.2304
1558616400,1558619999,0.009186,0.009186,0.009155,0.009155,93.7122
1558623600,1558627199,0.009161,0.009161,0.009134,0.009134,0.1655
1558630800,1558634399,0.0091,0.0091,0.009014,0.009061,21.0978
1558634400,1558637999,0.009059,0.009059,0.009016,0.009016,0.266
1558638000,1558641599,0.009028,0.009057,0.009021,0.009021,1.8277
1558641600,1558645199,0.009021,0.009065,0.009017,0.00902,38.149
1558645200,1558648799,0.009064,0.009064,0.009017,0.009017,13.7252
1558648800,1558652399,0.009058,0.009065,0.009058,0.009065,0.3857
1558652400,1558655999,0.009089,0.009136,0.009087,0.009136,0.9313
1558656000,1558659599,0.009175,0.009175,0.009133,0.009133,0.4841
1558659600,1558663199,0.00918,0.00918,0.00918,0.00918,0.156
1558663200,1558666799,0.009196,0.009196,0.009124,0.009124,10.3429
1558666800,1558670399,0.00914,0.00918,0.00914,0.00918,0.056
1558670400,1558673999,0.009214,0.009214,0.009176,0.009176,0.1326
1558674000,1558677599,0.009162,0.009181,0.009162,0.009178,0.1228
1558677600,1558681199,0.009182,0.009224,0.009182,0.009222,0.6023
1558681200,1558684799,0.00927,0.00927,0.009265,0.009265,0.637
1558684800,1558688399,0.009226,0.009235,0.009221,0.009221,0.4863
1558688400,1558691999,0.009261,0.009261,0.009261,0.009261,0.0828
1558692000,1558695599,0.00928,0.009327,0.00928,0.009327,0.1976
1558695600,1558699199,0.009276,0.009276,0.009276,0.009276,0.0132
1558699200,1558702799,0.00925,0.00925,0.009218,0.009218,0.4071
1558702800,1558706399,0.009236,0.009236,0.009196,0.009196,0.483
1558706400,1558709999,0.009195,0.009195,0.009194,0.009194,1.1792
1558710000,1558713599,0.009141,0.00916,0.009129,0.00916,0.5572
1558713600,1558717199,0.00915,0.009181,0.00915,0.00915,15.653
1558717200,1558720799,0.009203,0.009203,0.009125,0.009125,6.0486
1558724400,1558727999,0.009169,0.009169,0.009134,0.009134,0.4469
1558728000,1558731599,0.009125,0.009125,0.009116,0.009116,2.1474
1558731600,1558735199,0.009128,0.009128,0.0091,0.0091,10.5785
1558735200,1558738799,0.009089,0.009111,0.009089,0.009111,0.0736
1558738800,1558742399,0.009114,0.009114,0.00905,0.009096,1.4127
1558742400,1558745999,0.009122,0.009122,0.0091,0.0091,0.1342
1558746000,1558749599,0.009083,0.009083,0.009077,0.009077,0.1948
1558753200,1558756799,0.009126,0.009126,0.009071,0.009071,42.39
1558756800,1558760399,0.009071,0.009104,0.009071,0.009099,3.0999
1558760400,1558763999,0.009099,0.009099,0.009071,0.009071,4.1182
1558764000,1558767599,0.009071,0.009091,0.009071,0.009091,17.3366
1558767600,1558771199,0.009088,0.009088,0.009088,0.009088,0.0113
1558774800,1558778399,0.009084,0.009084,0.009084,0.009084,0.0486
1558782000,1558785599,0.009103,0.009103,0.009065,0.009065,0.056
1558789200,1558792799,0.009073,0.009075,0.009036,0.009054,1.0096
1558792800,1558796399,0.009036,0.009036,0.009016,0.009016,7.4532
1558796400,1558799999,0.009026,0.009028,0.009025,0.009025,0.3658
1558803600,1558807199,0.009016,0.009022,0.009,0.00901,2.4789
1558807200,1558810799,0.00901,0.00901,0.00901,0.00901,0.3324
1558810800,1558814399,0.009,0.009012,0.009,0.009012,4.5892
1558814400,1558817999,0.008983,0.008993,0.00896,0.008993,6.9301
1558818000,1558821599,0.008968,0.008991,0.008968,0.008991,0.1525
1558825200,1558828799,0.00899,0.009024,0.00895,0.009024,15.1177
1558832400,1558835999,0.008999,0.00902,0.008995,0.00902,0.1109
1558836000,1558839599,0.00902,0.00902,0.00899,0.00899,35.243
1558839600,1558843199,0.008971,0.008971,0.00894,0.00894,0.063
1558846800,1558850399,0.008909,0.008909,0.008909,0.008909,3.7
1558850400,1558853999,0.008909,0.008909,0.00887,0.008902,1.1577
1558854000,1558857599,0.008922,0.008952,0.008922,0.008952,0.152
1558861200,1558864799,0.008945,0.008968,0.008945,0.00895,0.3949
1558868400,1558871999,0.008984,0.009064,0.008984,0.008987,3.2887
1558872000,1558875599,0.009001,0.009051,0.009001,0.009051,0.5575
1558875600,1558879199,0.009089,0.009089,0.009056,0.009083,0.3101
1558879200,1558882799,0.009073,0.009073,0.009068,0.009068,1.6158
1558882800,1558886399,0.009039,0.009054,0.009,0.009,0.2636
1558886400,1558889999,0.009,0.009,0.008976,0.008976,3.6096
1558890000,1558893599,0.008976,0.00898,0.008969,0.008969,20.9984
1558893600,1558897199,0.008944,0.008944,0.00892,0.008921,0.3726
1558897200,1558900799,0.008921,0.008921,0.008617,0.008617,32.8416
1558900800,1558904399,0.008564,0.00879,0.008564,0.00879,157.1266
1558904400,1558907999,0.008756,0.008829,0.008756,0.008829,0.174
1558908000,1558911599,0.008754,0.008754,0.00874,0.00874,0.3888
1558911600,1558915199,0.008743,0.008759,0.008729,0.008759,2.802
1558915200,1558918799,0.00874,0.00874,0.008679,0.008679,12.5412
1558918800,1558922399,0.008767,0.008767,0.008709,0.00872,0.1991
1558922400,1558925999,0.008744,0.008744,0.008724,0.008724,0.219
1558926000,1558929599,0.008718,0.008768,0.008718,0.008768,0.0497
1558929600,1558933199,0.008698,0.008698,0.008641,0.008641,1.0631
1558933200,1558936799,0.008653,0.008665,0.008651,0.008665,3.3609
1558940400,1558943999,0.008688,0.008688,0.008637,0.008637,3.9274
1558944000,1558947599,0.008637,0.008637,0.00863,0.00863,2.892
1558947600,1558951199,0.008662,0.008663,0.008653,0.008653,0.2524
1558954800,1558958399,0.008642,0.008673,0.008624,0.008624,0.0903
1558958400,1558961999,0.008641,0.008662,0.008641,0.008662,0.0218
1558962000,1558965599,0.008654,0.00866,0.008654,0.00866,0.3926
1558965600,1558969199,0.0087,0.008743,0.0087,0.008743,0.13
1558969200,1558972799,0.008743,0.008743,0.008703,0.008719,9.197
1558972800,1558976399,0.00874,0.00876,0.008671,0.008671,21.3095
1558976400,1558979999,0.008639,0.00864,0.008611,0.008611,0.2178
1558980000,1558983599,0.00865,0.008684,0.008641,0.008664,14.8029
1558983600,1558987199,0.008665,0.008665,0.008652,0.008657,0.3696
1558987200,1558990799,0.008635,0.008635,0.00859,0.00859,3.4815
1558990800,1558994399,0.0086,0.008712,0.0086,0.008712,22.9654
1558994400,1558997999,0.00865,0.008684,0.008625,0.008684,1.1109
1558998000,1559001599,0.008735,0.008735,0.008711,0.008711,0.6478
1559001600,1559005199,0.00875,0.0088,0.00875,0.0088,12.0412
1559005200,1559008799,0.008775,0.00882,0.008774,0.00882,9.9555
1559008800,1559012399,0.008845,0.008884,0.008804,0.008884,4.6175
1559012400,1559015999,0.00883,0.00898,0.008818,0.00898,271.655
1559016000,1559019599,0.008972,0.009484,0.008972,0.009386,32.1755
1559019600,1559023199,0.009359,0.010099,0.009359,0.009676,74.7154
1559023200,1559026799,0.009652,0.009717,0.009393,0.009717,315.4198
1559026800,1559030399,0.009709,0.009764,0.00968,0.009726,8.6448
1559030400,1559033999,0.0097,0.0097,0.009648,0.009675,7.7164
1559034000,1559037599,0.009673,0.009683,0.009673,0.009683,10.4027
1559037600,1559041199,0.009653,0.00972,0.009653,0.00972,0.9275
1559041200,1559044799,0.009692,0.009783,0.009692,0.00978,11.627
1559044800,1559048399,0.009781,0.009784,0.009766,0.009784,2.2925
1559048400,1559051999,0.009783,0.009783,0.00975,0.009756,23.5979
1559052000,1559055599,0.00974,0.009784,0.00974,0.00977,104.8495
1559055600,1559059199,0.00977,0.009828,0.00977,0.009828,124.3611
1559059200,1559062799,0.00985,0.00985,0.0098,0.00985,7.8409
1559062800,1559066399,0.00985,0.009945,0.009813,0.009813,44.1905
1559066400,1559069999,0.009863,0.009863,0.0098,0.0098,11.3546
1559070000,1559073599,0.009827,0.009827,0.009774,0.009786,0.5688
1559073600,1559077199,0.009764,0.009841,0.009764,0.009841,2.2252
1559077200,1559080799,0.00983,0.009863,0.009826,0.009863,1.4535
1559080800,1559084399,0.0099,0.009963,0.00987,0.00987,270.9312
1559084400,1559087999,0.009863,0.009863,0.0098,0.0098,41.4073
1559088000,1559091599,0.009792,0.009792,0.009697,0.009719,31.5155
1559091600,1559095199,0.009693,0.009693,0.009644,0.009644,0.171
1559095200,1559098799,0.009625,0.009638,0.00945,0.009466,12.8406
1559098800,1559102399,0.009511,0.009526,0.009507,0.009526,0.823
1559106000,1559109599,0.009414,0.009439,0.009384,0.009424,10.3479
1559109600,1559113199,0.009438,0.009496,0.009438,0.009481,0.4637
1559113200,1559116799,0.009472,0.009472,0.009472,0.009472,0.0349
1559116800,1559120399,0.009441,0.009519,0.009441,0.009519,1.0262
1559120400,1559123999,0.009518,0.009592,0.009469,0.009592,1.1176
1559124000,1559127599,0.009613,0.009731,0.009603,0.009623,128.0102
1559127600,1559131199,0.009619,0.009619,0.009562,0.009562,0.0787
1559134800,1559138399,0.009908,0.009908,0.009759,0.009759,4.1566
1559138400,1559141999,0.009781,0.00985,0.009781,0.009802,52.7309
1559142000,1559145599,0.009884,0.0099,0.009884,0.00989,3.5818
1559145600,1559149199,0.00989,0.009898,0.009815,0.009862,36.9751
1559149200,1559152799,0.009862,0.00988,0.009862,0.00987,6.449
1559152800,1559156399,0.00992,0.01,0.00992,0.009975,13.9721
1559156400,1559159999,0.009983,0.010087,0.009983,0.010087,3.654
1559160000,1559163599,0.010093,0.010187,0.010005,0.010128,3.8482
1559163600,1559167199,0.010108,0.01014,0.010108,0.010123,80.3558
1559167200,1559170799,0.010083,0.010083,0.00997,0.009988,0.8796
1559170800,1559174399,0.009959,0.009959,0.009819,0.009819,1.2776
1559174400,1559177999,0.009818,0.010022,0.009799,0.009986,13.47
1559178000,1559181599,0.00989,0.00989,0.009762,0.009855,1.2514
1559181600,1559185199,0.009824,0.009824,0.009803,0.009807,0.2351
1559185200,1559188799,0.009858,0.009886,0.009858,0.009886,0.2174
1559188800,1559192399,0.009955,0.009983,0.009952,0.009982,38.1767
1559192400,1559195999,0.009947,0.009947,0.009947,0.009947,0.1107
1559196000,1559199599,0.009953,0.009999,0.009953,0.009967,10.2386
1559199600,1559203199,0.009967,0.009999,0.009967,0.009999,3.343
1559203200,1559206799,0.01,0.010089,0.009975,0.009975,68.4772
1559206800,1559210399,0.010024,0.010024,0.00998,0.01,6.6128
1559210400,1559213999,0.010055,0.010598,0.010044,0.010598,6.3699
1559214000,1559217599,0.010665,0.011133,0.010665,0.010877,199.189
1559217600,1559221199,0.01073,0.010901,0.01073,0.01076,25.5128
1559221200,1559224799,0.010754,0.010754,0.010666,0.0107,1.0926
1559224800,1559228399,0.010665,0.01069,0.010563,0.010636,63.022
1559228400,1559231999,0.0106,0.010643,0.010495,0.010495,23.1146
1559232000,1559235599,0.010469,0.010469,0.0103,0.0103,71.2554
1559235600,1559239199,0.010169,0.010171,0.01013,0.010171,19.884
1559239200,1559242799,0.01008,0.010122,0.01008,0.010122,2.483
1559242800,1559246399,0.010123,0.010167,0.010046,0.010046,31.2811
1559246400,1559249999,0.009958,0.009989,0.009886,0.009972,9.1091
1559250000,1559253599,0.009988,0.009988,0.009856,0.009945,116.7306
1559253600,1559257199,0.01,0.010085,0.009983,0.010076,12.3456
1559257200,1559260799,0.010008,0.010058,0.010008,0.01005,6.1488
1559260800,1559264399,0.010014,0.010102,0.010014,0.010102,1.3249
1559264400,1559267999,0.010109,0.010229,0.010109,0.010223,16.3363
1559268000,1559271599,0.010179,0.010507,0.010179,0.010478,14.4858
1559271600,1559275199,0.010406,0.010412,0.010363,0.010395,0.7882
1559275200,1559278799,0.010308,0.010345,0.01021,0.01021,153.6602
1559278800,1559282399,0.010295,0.010295,0.010186,0.01024,5.0316
1559282400,1559285999,0.010202,0.010234,0.01014,0.010212,21.0513
1559286000,1559289599,0.010193,0.010193,0.010151,0.010151,27.2045
1559293200,1559296799,0.010148,0.010156,0.010126,0.010126,0.2537
1559296800,1559300399,0.010126,0.010189,0.010126,0.01015,6.5644
1559300400,1559303999,0.010126,0.0102,0.01007,0.010164,73.7707
1559304000,1559307599,0.010288,0.010401,0.010288,0.010401,16.2562
1559307600,1559311199,0.0105,0.0105,0.010364,0.010364,1.6385
1559311200,1559314799,0.01043,0.010446,0.01043,0.010435,8.3224
1559314800,1559318399,0.010435,0.010438,0.01034,0.010425,194.5703
1559318400,1559321999,0.010458,0.010458,0.010348,0.010348,1.4527
1559322000,1559325599,0.01034,0.010475,0.01034,0.01035,56.2212
1559325600,1559329199,0.01052,0.01063,0.01052,0.010562,80.9244
1559329200,1559332799,0.010516,0.010567,0.010428,0.010492,1.8905
1559332800,1559336399,0.01045,0.01045,0.010409,0.010409,7.7332
1559336400,1559339999,0.010506,0.010602,0.010506,0.010602,1.2283
1559340000,1559343599,0.01055,0.010659,0.01055,0.010659,22.5278
1559343600,1559347199,0.010564,0.010582,0.010516,0.010569,49.8183
1559347200,1559350799,0.010519,0.010659,0.010519,0.010659,18.7922
1559350800,1559354399,0.010594,0.010603,0.010594,0.010603,0.3153
1559354400,1559357999,0.010685,0.010791,0.010685,0.010738,20.9348
1559358000,1559361599,0.010765,0.01077,0.010749,0.010749,0.7936
1559361600,1559365199,0.010645,0.010693,0.010624,0.010624,2.0781
1559365200,1559368799,0.010579,0.010579,0.01027,0.010302,62.8518
1559368800,1559372399,0.010307,0.01043,0.01028,0.010313,8.6773
1559372400,1559375999,0.010312,0.010358,0.010305,0.010358,0.2242
1559376000,1559379599,0.010307,0.010366,0.010307,0.01036,1.3914
1559379600,1559383199,0.010425,0.010466,0.010424,0.010456,11.1398
1559383200,1559386799,0.010429,0.010432,0.010429,0.010432,0.3346
1559386800,1559390399,0.010407,0.010418,0.010395,0.010416,0.3514
1559394000,1559397599,0.010374,0.010374,0.010334,0.01035,0.5151
1559397600,1559401199,0.0103,0.0103,0.009969,0.010127,54.073
1559401200,1559404799,0.010091,0.010218,0.010091,0.010216,108.2197
1559404800,1559408399,0.010203,0.010245,0.0102,0.0102,5.8251
1559408400,1559411999,0.010215,0.010231,0.01018,0.010209,3.3079
1559412000,1559415599,0.010199,0.010199,0.010124,0.01013,0.215
1559415600,1559419199,0.010151,0.010156,0.010103,0.010145,10.5127
1559419200,1559422799,0.010145,0.010179,0.010145,0.010179,0.4844
1559422800,1559426399,0.010185,0.010185,0.010185,0.010185,0.0736
1559426400,1559429999,0.010187,0.010188,0.010187,0.010187,1.9256
1559430000,1559433599,0.010187,0.010187,0.0101,0.010113,39.2581
1559433600,1559437199,0.010149,0.010179,0.010149,0.010166,0.4133
1559437200,1559440799,0.010116,0.01013,0.010116,0.01013,0.0483
1559440800,1559444399,0.01014,0.01014,0.01005,0.01005,1.51
1559444400,1559447999,0.010035,0.010064,0.010035,0.010064,3.4184
1559448000,1559451599,0.010064,0.010064,0.01005,0.010064,1.1197
1559451600,1559455199,0.01006,0.010067,0.010011,0.010056,0.6995
1559455200,1559458799,0.010038,0.010112,0.010036,0.010108,0.3857
1559458800,1559462399,0.010075,0.010075,0.010047,0.010049,5.7111
1559462400,1559465999,0.010205,0.010205,0.01016,0.010192,2.1656
1559466000,1559469599,0.010192,0.010192,0.010119,0.010119,0.3284
1559469600,1559473199,0.010106,0.010106,0.010067,0.010067,0.8926
1559473200,1559476799,0.010139,0.010149,0.010106,0.010106,0.3265
1559476800,1559480399,0.010117,0.01014,0.010117,0.01014,11.3647
1559480400,1559483999,0.01014,0.010228,0.01012,0.010228,38.1176
1559484000,1559487599,0.01021,0.01021,0.010167,0.010205,1.4435
1559487600,1559491199,0.010205,0.010222,0.010205,0.010221,2.8188
1559491200,1559494799,0.010205,0.010205,0.010126,0.010174,3.3767
1559494800,1559498399,0.010134,0.010186,0.010134,0.010163,0.8759
1559498400,1559501999,0.010142,0.010142,0.010009,0.010019,0.2073
1559502000,1559505599,0.010019,0.010155,0.010019,0.010111,0.8383
1559505600,1559509199,0.010098,0.010161,0.010098,0.010103,1.2481
1559509200,1559512799,0.010151,0.010151,0.010151,0.010151,0.0793
1559512800,1559516399,0.010125,0.010156,0.010125,0.010156,0.5181
1559516400,1559519999,0.010188,0.010192,0.010183,0.010183,27.4488
1559520000,1559523599,0.010101,0.010101,0.010089,0.010089,0.3871
1559523600,1559527199,0.010089,0.010094,0.010082,0.010082,8.9308
1559527200,1559530799,0.010062,0.010134,0.010062,0.010134,0.0611
1559530800,1559534399,0.010119,0.010159,0.010083,0.010159,0.1832
1559534400,1559537999,0.010138,0.010138,0.0101,0.0101,0.6681
1559538000,1559541599,0.010125,0.010125,0.0101,0.01012,7.2603
1559541600,1559545199,0.010098,0.010106,0.010046,0.010046,0.2195
1559545200,1559548799,0.01002,0.01002,0.01002,0.01002,0.031
1559548800,1559552399,0.01007,0.010075,0.010038,0.010038,0.8632
1559552400,1559555999,0.010036,0.010201,0.010036,0.010201,0.1155
1559556000,1559559599,0.010246,0.010312,0.01022,0.01022,2.8881
1559559600,1559563199,0.010211,0.01022,0.010183,0.01021,103.3029
1559563200,1559566799,0.010177,0.010189,0.010177,0.010189,0.0789
1559566800,1559570399,0.010182,0.010186,0.01015,0.01015,15.3207
1559570400,1559573999,0.01015,0.010152,0.010125,0.010139,9.9244
1559574000,1559577599,0.010139,0.01015,0.010139,0.01015,6.0674
1559577600,1559581199,0.010166,0.01017,0.010157,0.01017,2.5051
1559581200,1559584799,0.010171,0.010223,0.010171,0.010223,0.2226
1559584800,1559588399,0.010223,0.010223,0.010198,0.010209,0.2534
1559588400,1559591999,0.010209,0.010209,0.010209,0.010209,0.0296
1559592000,1559595599,0.010222,0.010224,0.010222,0.010224,0.0591
1559595600,1559599199,0.010224,0.010224,0.010224,0.010224,0.0253
1559599200,1559602799,0.010226,0.010226,0.010162,0.010162,33.0804
1559602800,1559606399,0.010162,0.010324,0.010049,0.010324,235.421
1559606400,1559609999,0.010181,0.01066,0.010181,0.01066,36.6319
1559610000,1559613599,0.01066,0.010796,0.010516,0.01053,25.4237
1559613600,1559617199,0.010505,0.01055,0.010479,0.01049,9.9702
1559617200,1559620799,0.01049,0.010524,0.010384,0.010384,17.5112
1559620800,1559624399,0.0103,0.010432,0.010281,0.010369,29.7994
1559624400,1559627999,0.010369,0.010425,0.01024,0.01024,31.6054
1559628000,1559631599,0.010214,0.01029,0.010214,0.010258,1.7173
1559631600,1559635199,0.010282,0.010282,0.010282,0.010282,0.0146
1559635200,1559638799,0.010317,0.010329,0.010309,0.010309,0.0986
1559638800,1559642399,0.010304,0.010356,0.010304,0.010356,0.0905
1559642400,1559645999,0.010298,0.010326,0.010297,0.010314,0.1128
1559646000,1559649599,0.01028,0.01028,0.010273,0.010273,2.48
1559649600,1559653199,0.010284,0.010366,0.010284,0.010366,1.1068
1559653200,1559656799,0.010367,0.0104,0.010365,0.0104,104.0207
1559656800,1559660399,0.010365,0.010385,0.010294,0.010329,2.1195
1559660400,1559663999,0.010324,0.010329,0.010277,0.010301,0.1848
1559664000,1559667599,0.010301,0.010328,0.010252,0.010252,525.0499
1559667600,1559671199,0.010252,0.010319,0.010252,0.010314,39.8817
1559671200,1559674799,0.01026,0.010266,0.01017,0.01017,1.9075
1559674800,1559678399,0.010143,0.010143,0.010081,0.010092,15.1164
1559678400,1559681999,0.010092,0.010095,0.010074,0.010095,6.5638
1559682000,1559685599,0.010078,0.010095,0.010056,0.010095,1.383
1559685600,1559689199,0.010116,0.010122,0.010108,0.010122,0.1546
1559689200,1559692799,0.010085,0.010142,0.010078,0.010142,0.0634
1559692800,1559696399,0.010131,0.01014,0.010084,0.01014,0.9977
1559696400,1559699999,0.010101,0.010136,0.010085,0.010136,3.2321
1559700000,1559703599,0.010127,0.010127,0.010084,0.010084,0.2518
1559703600,1559707199,0.010084,0.010084,0.010084,0.010084,2.2464
1559707200,1559710799,0.010084,0.010123,0.010067,0.010067,19.7519
1559710800,1559714399,0.010055,0.010086,0.010055,0.010086,0.3092
1559714400,1559717999,0.010042,0.010042,0.01,0.010016,8.174
1559718000,1559721599,0.010077,0.010079,0.010075,0.010075,0.3455
1559721600,1559725199,0.010066,0.010081,0.010043,0.010059,2.288
1559725200,1559728799,0.010068,0.01007,0.010058,0.01007,0.1539
1559728800,1559732399,0.010079,0.010091,0.010072,0.010072,0.1034
1559732400,1559735999,0.010068,0.010126,0.010057,0.010057,50.301
1559736000,1559739599,0.010062,0.010066,0.010022,0.010022,2.3567
1559739600,1559743199,0.010021,0.010021,0.010021,0.010021,0.0814
1559743200,1559746799,0.010021,0.010079,0.010004,0.010063,3.7251
1559746800,1559750399,0.010082,0.010088,0.010068,0.010068,0.3551
1559750400,1559753999,0.010129,0.010131,0.010097,0.010097,0.2603
1559754000,1559757599,0.010096,0.010103,0.010096,0.010103,0.053
1559757600,1559761199,0.010083,0.010139,0.010083,0.010139,101.1867
1559761200,1559764799,0.010139,0.010139,0.010139,0.010139,9.006
1559764800,1559768399,0.010143,0.010244,0.010143,0.010211,8.7449
1559768400,1559771999,0.010212,0.010221,0.010182,0.010218,2.5147
1559772000,1559775599,0.01024,0.01029,0.01024,0.01029,50.1695
1559775600,1559779199,0.010278,0.01034,0.010264,0.01034,1.7734
1559779200,1559782799,0.010342,0.010362,0.010342,0.010343,19.9188
1559782800,1559786399,0.010342,0.010342,0.010292,0.010292,23.1449
1559786400,1559789999,0.010343,0.010343,0.010343,0.010343,0.0439
1559790000,1559793599,0.010335,0.010335,0.010333,0.010333,1.0018
1559793600,1559797199,0.010333,0.010333,0.010333,0.010333,4.5373
1559797200,1559800799,0.010333,0.010333,0.010319,0.010319,54.6609
1559800800,1559804399,0.010343,0.010349,0.010342,0.010349,91.5115
1559804400,1559807999,0.010335,0.010358,0.010297,0.010297,1.359
1559808000,1559811599,0.010272,0.010289,0.010241,0.010272,1.5309
1559811600,1559815199,0.010273,0.010324,0.010273,0.010324,0.84
1559818800,1559822399,0.010292,0.010292,0.010292,0.010292,0.026
1559822400,1559825999,0.0103,0.010353,0.010299,0.010353,5.2245
1559826000,1559829599,0.0103,0.0103,0.01027,0.01027,21.1379
1559829600,1559833199,0.010325,0.010325,0.010289,0.010289,2.3709
1559833200,1559836799,0.010287,0.010298,0.010287,0.01029,0.2536
1559836800,1559840399,0.010302,0.010324,0.010292,0.010315,0.5933
1559840400,1559843999,0.010271,0.010309,0.010259,0.010278,79.048
1559844000,1559847599,0.010268,0.01029,0.010264,0.010282,4.0929
1559847600,1559851199,0.010283,0.010283,0.010283,0.010283,0.1121
1559851200,1559854799,0.010214,0.010214,0.010143,0.010143,8.2548
1559854800,1559858399,0.010198,0.010198,0.010137,0.010137,4.8458
1559858400,1559861999,0.010143,0.010143,0.010142,0.010142,0.8021
1559862000,1559865599,0.010142,0.010276,0.010142,0.010276,97.1381
1559865600,1559869199,0.010253,0.010253,0.010192,0.01025,5.8119
1559869200,1559872799,0.010213,0.010213,0.010208,0.010209,0.6708
1559872800,1559876399,0.010325,0.010353,0.010289,0.010353,0.5675
1559876400,1559879999,0.010354,0.010354,0.010288,0.010288,0.3132
1559880000,1559883599,0.010284,0.010296,0.01028,0.010296,0.4759
1559883600,1559887199,0.010263,0.010279,0.010262,0.010279,0.2277
1559887200,1559890799,0.01021,0.01021,0.010191,0.010198,6.9667
1559890800,1559894399,0.010192,0.010306,0.010179,0.010296,0.5219
1559894400,1559897999,0.010279,0.0103,0.010215,0.010215,6.9321
1559898000,1559901599,0.010215,0.01027,0.010215,0.010248,2.1716
1559901600,1559905199,0.010239,0.010263,0.010239,0.010263,0.173
1559905200,1559908799,0.010288,0.010289,0.010288,0.010289,0.0248
1559908800,1559912399,0.0103,0.010317,0.0103,0.010317,0.1192
1559912400,1559915999,0.010295,0.010295,0.010295,0.010295,0.0134
1559919600,1559923199,0.010388,0.010405,0.010368,0.010405,0.727
1559923200,1559926799,0.010447,0.010447,0.010394,0.010405,89.4839
1559926800,1559930399,0.01039,0.010418,0.01039,0.010401,9.6721
1559930400,1559933999,0.01043,0.01043,0.01043,0.01043,2.4988
1559934000,1559937599,0.01043,0.010499,0.010392,0.010499,4.6174
1559937600,1559941199,0.0105,0.01055,0.010499,0.01055,2.6775
1559941200,1559944799,0.010517,0.010517,0.010509,0.010509,7.1839
1559944800,1559948399,0.010507,0.010542,0.010499,0.010499,4.4498
1559948400,1559951999,0.010429,0.010487,0.010398,0.010443,0.3708
1559952000,1559955599,0.010421,0.010421,0.010409,0.010409,0.2882
1559955600,1559959199,0.010451,0.010451,0.010382,0.010382,1.0932
1559959200,1559962799,0.01045,0.01045,0.010413,0.010437,0.209
1559962800,1559966399,0.010443,0.010443,0.010438,0.010438,0.4525
1559970000,1559973599,0.010457,0.010457,0.010457,0.010457,0.0614
1559973600,1559977199,0.010463,0.010463,0.010423,0.010423,0.0358
1559977200,1559980799,0.01045,0.01045,0.010394,0.010394,0.0493
1559980800,1559984399,0.010459,0.010459,0.010437,0.010437,0.0608
1559984400,1559987999,0.010441,0.010441,0.010441,0.010441,0.1671
1559988000,1559991599,0.010457,0.010494,0.010457,0.010494,0.293
1559991600,1559995199,0.010481,0.010484,0.010481,0.010484,0.1468
1559995200,1559998799,0.010559,0.01056,0.010546,0.010546,0.2055
1559998800,1560002399,0.010576,0.010579,0.010551,0.010551,0.4803
1560002400,1560005999,0.010554,0.010554,0.010366,0.01042,1.2884
1560006000,1560009599,0.01038,0.010399,0.010364,0.010399,1.8634
1560009600,1560013199,0.010358,0.010358,0.010358,0.010358,0.4566
1560013200,1560016799,0.010342,0.010345,0.010261,0.010274,376.4782
1560016800,1560020399,0.010274,0.010292,0.010236,0.010236,52.0068
1560020400,1560023999,0.010234,0.010234,0.010234,0.010234,0.0953
1560024000,1560027599,0.010259,0.010314,0.010221,0.010248,0.4635
1560027600,1560031199,0.0102,0.010246,0.010158,0.010216,2.7185
1560031200,1560034799,0.010203,0.010209,0.010134,0.010134,14.7301
1560034800,1560038399,0.010126,0.0102,0.010126,0.0102,38.9486
1560038400,1560041999,0.010161,0.010161,0.010161,0.010161,4.11
1560042000,1560045599,0.010162,0.010162,0.010049,0.010049,12.3011
1560045600,1560049199,0.010068,0.010079,0.010045,0.010065,0.5306
1560049200,1560052799,0.010098,0.0101,0.010053,0.0101,0.1103
1560052800,1560056399,0.010075,0.010113,0.010075,0.010113,0.0358
1560056400,1560059999,0.010076,0.010076,0.010076,0.010076,0.01
1560060000,1560063599,0.010069,0.010098,0.010069,0.010098,0.0682
1560063600,1560067199,0.010095,0.010148,0.010095,0.010148,0.0943
1560067200,1560070799,0.0102,0.0102,0.010153,0.010153,0.1139
1560070800,1560074399,0.010154,0.010168,0.010154,0.010168,0.2055
1560074400,1560077999,0.010235,0.010236,0.010198,0.010212,5.3733
1560078000,1560081599,0.010213,0.010233,0.010213,0.010233,0.0674
1560081600,1560085199,0.010211,0.010248,0.010211,0.010248,0.305
1560085200,1560088799,0.010248,0.01027,0.01021,0.010235,0.3429
1560088800,1560092399,0.010249,0.010266,0.010228,0.010266,1.9772
1560092400,1560095999,0.010242,0.010242,0.010242,0.010242,0.0413
1560096000,1560099599,0.010161,0.010161,0.01,0.010056,5.6331
1560099600,1560103199,0.009992,0.010118,0.009992,0.010096,2.504
1560103200,1560106799,0.009946,0.009985,0.009902,0.009941,2.3079
1560106800,1560110399,0.009956,0.009992,0.009933,0.009933,0.2813
1560110400,1560113999,0.00997,0.009974,0.009927,0.009927,0.3818
1560114000,1560117599,0.009998,0.010032,0.009984,0.010032,4.9684
1560117600,1560121199,0.010001,0.010078,0.010001,0.010078,0.1296
1560121200,1560124799,0.010082,0.010087,0.010082,0.010087,0.3353
1560124800,1560128399,0.010117,0.010181,0.010117,0.010181,0.4271
1560128400,1560131999,0.010182,0.01024,0.010182,0.01024,16.0092
1560132000,1560135599,0.010242,0.010242,0.010236,0.010236,0.2955
1560135600,1560139199,0.01023,0.01023,0.01023,0.01023,0.2916
1560139200,1560142799,0.010237,0.010237,0.010225,0.010225,0.1041
1560142800,1560146399,0.01024,0.01024,0.010221,0.010221,0.6563
1560146400,1560149999,0.010197,0.010249,0.010197,0.010249,0.1737
1560150000,1560153599,0.010186,0.010242,0.010186,0.010233,1.2783
1560153600,1560157199,0.010189,0.01023,0.010189,0.010189,1.8213
1560157200,1560160799,0.010184,0.010184,0.010128,0.010178,0.4737
1560160800,1560164399,0.010122,0.010211,0.010122,0.010211,26.5543
1560164400,1560167999,0.010191,0.010217,0.01012,0.01012,0.2386
1560168000,1560171599,0.010122,0.010133,0.010118,0.010132,4.8659
1560171600,1560175199,0.010117,0.010117,0.010117,0.010117,2.5937
1560175200,1560178799,0.010196,0.010224,0.010196,0.010224,2.391
1560178800,1560182399,0.010196,0.010198,0.01015,0.010198,3.5418
1560182400,1560185999,0.010194,0.010194,0.010187,0.010187,0.2846
1560186000,1560189599,0.010187,0.010187,0.009988,0.009989,15.3639
1560189600,1560193199,0.009973,0.010007,0.00994,0.010007,4.0356
1560193200,1560196799,0.009967,0.01003,0.009967,0.009993,0.108
1560196800,1560200399,0.009984,0.009984,0.009964,0.009964,7.2726
1560200400,1560203999,0.009954,0.009994,0.009954,0.009994,3.1552
1560204000,1560207599,0.009973,0.009976,0.009947,0.009947,0.3067
1560207600,1560211199,0.00999,0.010035,0.00999,0.009996,0.6091
1560211200,1560214799,0.009956,0.010039,0.009956,0.00999,4.078
1560214800,1560218399,0.009992,0.010036,0.009989,0.010036,0.5739
1560222000,1560225599,0.009971,0.009971,0.009948,0.009952,17.6415
1560225600,1560229199,0.009952,0.009957,0.009927,0.009957,2.3454
1560229200,1560232799,0.009957,0.009957,0.009957,0.009957,0.0524
1560232800,1560236399,0.009919,0.00992,0.0099,0.0099,10.1794
1560236400,1560239999,0.009913,0.009943,0.009886,0.009943,0.1733
1560240000,1560243599,0.009893,0.009941,0.009873,0.009941,27.8879
1560243600,1560247199,0.009909,0.009909,0.009909,0.009909,0.3176
1560247200,1560250799,0.009893,0.009957,0.009893,0.009957,0.416
1560250800,1560254399,0.010041,0.010106,0.010029,0.010029,8.0542
1560254400,1560257999,0.010022,0.010082,0.009993,0.010082,5.9319
1560258000,1560261599,0.01008,0.01009,0.01005,0.01009,35.3421
1560261600,1560265199,0.010053,0.010065,0.010036,0.010065,8.7462
1560265200,1560268799,0.010063,0.010063,0.010036,0.010036,1.7558
1560268800,1560272399,0.01004,0.010123,0.01004,0.010123,7.9523
1560272400,1560275999,0.010058,0.010162,0.010058,0.010111,8.3534
1560276000,1560279599,0.010135,0.010141,0.010101,0.010101,3.8727
1560279600,1560283199,0.0101,0.0101,0.010082,0.010082,0.68
1560283200,1560286799,0.010082,0.0101,0.010081,0.0101,2.5571
1560286800,1560290399,0.010126,0.010135,0.010126,0.010135,0.1362
1560290400,1560293999,0.010081,0.010123,0.01008,0.010119,0.8427
1560294000,1560297599,0.01008,0.01008,0.010076,0.010076,0.4664
1560297600,1560301199,0.010097,0.010102,0.010085,0.010085,0.1841
1560301200,1560304799,0.010101,0.010148,0.0101,0.0101,0.3095
1560304800,1560308399,0.01013,0.01013,0.0101,0.0101,0.9038
1560308400,1560311999,0.010159,0.010199,0.010123,0.010127,20.7743
1560312000,1560315599,0.010138,0.01015,0.010138,0.01015,43.0858
1560315600,1560319199,0.010164,0.010164,0.010128,0.010128,0.0318
1560319200,1560322799,0.010199,0.010488,0.010199,0.010344,23.8702
1560322800,1560326399,0.01036,0.01044,0.010332,0.010332,3.2908
1560326400,1560329999,0.01033,0.010337,0.010316,0.01033,50.3279
1560330000,1560333599,0.010328,0.010459,0.010321,0.010395,1.2081
1560333600,1560337199,0.010367,0.010473,0.010367,0.010464,0.4088
1560337200,1560340799,0.0105,0.01052,0.0104,0.0104,78.9688
1560340800,1560344399,0.0104,0.0104,0.010386,0.0104,14.6009
1560344400,1560347999,0.010443,0.010443,0.010423,0.010423,0.1613
1560348000,1560351599,0.010494,0.010604,0.010494,0.010571,101.9167
1560351600,1560355199,0.010573,0.010792,0.010573,0.010785,51.1957
1560355200,1560358799,0.010806,0.0109,0.01074,0.0109,882.0766
1560358800,1560362399,0.01095,0.011274,0.010933,0.01109,107.9354
1560362400,1560365999,0.011037,0.011134,0.011037,0.011116,38.5003
1560366000,1560369599,0.011203,0.01125,0.011077,0.011077,115.908
1560369600,1560373199,0.01094,0.011027,0.01094,0.011,113.0586
1560373200,1560376799,0.011,0.011003,0.0109,0.010938,27.1229
1560376800,1560380399,0.0109,0.011042,0.0109,0.011042,0.923
1560380400,1560383999,0.011068,0.011313,0.011007,0.011183,6.1739
1560384000,1560387599,0.011103,0.011131,0.011089,0.0111,0.5285
1560387600,1560391199,0.011099,0.011099,0.010924,0.010966,2.1224
1560391200,1560394799,0.010938,0.010941,0.01082,0.01082,2.8079
1560394800,1560398399,0.010816,0.010906,0.010814,0.010818,13.0495
1560398400,1560401999,0.010829,0.010829,0.010729,0.010787,12.8662
1560402000,1560405599,0.010771,0.01082,0.010729,0.010807,3.5815
1560405600,1560409199,0.010833,0.010868,0.010779,0.010851,24.5219
1560409200,1560412799,0.010871,0.010886,0.010851,0.010867,11.7534
1560412800,1560416399,0.010862,0.010876,0.01085,0.010876,26.9547
1560416400,1560419999,0.010917,0.010988,0.010881,0.010923,43.2965
1560420000,1560423599,0.010912,0.010967,0.010866,0.010866,37.7279
1560423600,1560427199,0.010895,0.010895,0.010866,0.010866,18.0844
1560427200,1560430799,0.01094,0.011014,0.010882,0.010995,11.6905
1560430800,1560434399,0.01101,0.01105,0.010991,0.010991,3.1476
1560434400,1560437999,0.011046,0.011113,0.011046,0.011098,59.132
1560438000,1560441599,0.011099,0.011151,0.01108,0.0111,26.1869
1560441600,1560445199,0.011067,0.01116,0.011067,0.0111,46.1917
1560445200,1560448799,0.0111,0.0111,0.01104,0.01104,0.1477
1560448800,1560452399,0.011003,0.011003,0.010816,0.010877,11.7859
1560452400,1560455999,0.010866,0.010866,0.010802,0.01085,11.9057
1560456000,1560459599,0.010855,0.0109,0.010855,0.0109,5.3721
1560459600,1560463199,0.010874,0.010874,0.010802,0.010828,16.7309
1560463200,1560466799,0.010828,0.010828,0.010762,0.010762,10.4336
1560466800,1560470399,0.010751,0.010751,0.010684,0.010684,52.4313
1560470400,1560473999,0.010687,0.010734,0.010682,0.010734,1.2821
1560474000,1560477599,0.010731,0.01076,0.010731,0.01076,0.2616
1560477600,1560481199,0.01077,0.01077,0.01077,0.01077,30.0
1560481200,1560484799,0.010761,0.010761,0.010731,0.010731,3.0492
1560484800,1560488399,0.010721,0.010721,0.010693,0.010719,0.6001
1560488400,1560491999,0.010757,0.010892,0.010756,0.01087,12.1939
1560492000,1560495599,0.010852,0.0109,0.010787,0.010847,0.7062
1560495600,1560499199,0.01085,0.01085,0.0108,0.010823,1.2328
1560499200,1560502799,0.010897,0.0115,0.010873,0.0115,39.031
1560502800,1560506399,0.011499,0.011499,0.011025,0.011113,119.2936
1560506400,1560509999,0.011106,0.011111,0.011064,0.011111,2.4398
1560510000,1560513599,0.011152,0.011192,0.011143,0.01119,45.5872
1560513600,1560517199,0.011093,0.011093,0.010924,0.010944,1.6588
1560517200,1560520799,0.010923,0.010923,0.01055,0.010696,168.3318
1560520800,1560524399,0.010697,0.010697,0.010605,0.010654,23.241
1560524400,1560527999,0.0106,0.010608,0.010539,0.010587,15.0348
1560528000,1560531599,0.010526,0.010552,0.010456,0.010492,12.1313
1560531600,1560535199,0.010497,0.010497,0.010452,0.010486,7.295
1560535200,1560538799,0.010456,0.010536,0.01045,0.010451,3.2341
1560538800,1560542399,0.010452,0.010525,0.010427,0.010525,0.0963
1560542400,1560545999,0.010443,0.010443,0.010373,0.010373,6.2435
1560546000,1560549599,0.010373,0.010449,0.010373,0.010381,60.5935
1560549600,1560553199,0.010401,0.010456,0.010401,0.010456,1.1438
1560553200,1560556799,0.010443,0.0105,0.010443,0.0105,0.1229
1560556800,1560560399,0.0105,0.010655,0.0105,0.010655,81.4299
1560560400,1560563999,0.010653,0.010684,0.010645,0.010684,3.9992
1560564000,1560567599,0.010671,0.010671,0.01063,0.01063,0.2086
1560567600,1560571199,0.010621,0.010621,0.01052,0.01052,0.268
1560571200,1560574799,0.010517,0.010583,0.010516,0.010583,0.2645
1560574800,1560578399,0.010579,0.010579,0.010574,0.010574,0.1512
1560578400,1560581999,0.010529,0.01055,0.010529,0.01054,1.5775
1560582000,1560585599,0.010511,0.010578,0.01051,0.010534,12.8366
1560585600,1560589199,0.010605,0.010605,0.010527,0.010604,7.0399
1560589200,1560592799,0.010646,0.010714,0.010646,0.010714,40.488
1560592800,1560596399,0.01072,0.010754,0.010699,0.010754,1.681
1560596400,1560599999,0.010819,0.010833,0.010789,0.010802,0.5625
1560600000,1560603599,0.010734,0.010753,0.010625,0.010625,0.4041
1560603600,1560607199,0.0106,0.010636,0.010595,0.010636,14.067
1560607200,1560610799,0.01064,0.01064,0.010631,0.010631,1.0277
1560610800,1560614399,0.010635,0.010635,0.010635,0.010635,0.1202
1560614400,1560617999,0.01051,0.01058,0.010479,0.010558,1.2422
1560618000,1560621599,0.0105,0.010539,0.01045,0.010515,4.9907
1560621600,1560625199,0.010505,0.010555,0.0105,0.010515,139.4362
1560625200,1560628799,0.010512,0.010536,0.010493,0.010536,18.9849
1560628800,1560632399,0.010538,0.010555,0.010516,0.010516,3.712
1560632400,1560635999,0.010516,0.010555,0.010516,0.010555,2.217
1560636000,1560639599,0.010524,0.010536,0.010501,0.010501,1.1624
1560639600,1560643199,0.010494,0.010494,0.010482,0.010482,0.5961
1560643200,1560646799,0.010477,0.010522,0.010437,0.010437,126.1076
1560646800,1560650399,0.010409,0.010409,0.010241,0.010241,73.3409
1560650400,1560653999,0.010243,0.010348,0.010234,0.010298,19.9756
1560654000,1560657599,0.010285,0.010295,0.010277,0.010277,0.3678
1560657600,1560661199,0.010261,0.010283,0.010204,0.010204,0.2102
1560661200,1560664799,0.010156,0.010275,0.010109,0.010109,13.2863
1560664800,1560668399,0.010139,0.010185,0.010085,0.010104,3.5282
1560668400,1560671999,0.010158,0.010213,0.010141,0.010141,0.1248
1560672000,1560675599,0.010169,0.010189,0.010105,0.010147,9.9032
1560675600,1560679199,0.010115,0.0102,0.010115,0.0102,100.4326
1560679200,1560682799,0.010172,0.010172,0.010169,0.010171,0.2073
1560682800,1560686399,0.0102,0.0102,0.010146,0.010146,1.8991
1560686400,1560689999,0.010188,0.010222,0.010188,0.01021,0.631
1560690000,1560693599,0.010225,0.010225,0.010142,0.010142,34.6236
1560693600,1560697199,0.010101,0.010101,0.0101,0.0101,40.7829
1560697200,1560700799,0.0101,0.010101,0.010066,0.010066,32.5736
1560700800,1560704399,0.010051,0.010239,0.010006,0.010193,65.3936
1560704400,1560707999,0.010196,0.010355,0.010184,0.010346,9.5297
1560708000,1560711599,0.010341,0.01042,0.010281,0.010375,1.4205
1560711600,1560715199,0.010375,0.010433,0.010363,0.010396,34.5567
1560715200,1560718799,0.010462,0.010555,0.010458,0.010473,54.6783
1560718800,1560722399,0.010453,0.010488,0.010435,0.010465,13.86
1560722400,1560725999,0.010462,0.010503,0.010419,0.010461,10.6025
1560726000,1560729599,0.01043,0.010468,0.010402,0.010468,34.0369
1560729600,1560733199,0.010493,0.010513,0.010386,0.010413,167.174
1560733200,1560736799,0.010439,0.010482,0.01041,0.01044,1.0508
1560736800,1560740399,0.010421,0.010478,0.010421,0.010478,78.7301
1560740400,1560743999,0.010468,0.010468,0.010423,0.010433,0.6808
1560744000,1560747599,0.010421,0.010421,0.010358,0.010418,54.7246
1560747600,1560751199,0.01041,0.010414,0.010312,0.010334,109.9814
1560751200,1560754799,0.01034,0.010353,0.010288,0.010353,5.2616
1560754800,1560758399,0.010339,0.010365,0.010319,0.010331,0.388
1560758400,1560761999,0.010358,0.010441,0.010358,0.010441,4.7274
1560762000,1560765599,0.010432,0.010548,0.010432,0.010502,7.2853
1560765600,1560769199,0.01049,0.01049,0.010391,0.010391,3.2387
1560769200,1560772799,0.010386,0.010516,0.010368,0.010516,2.4225
1560772800,1560776399,0.010482,0.010555,0.010443,0.010482,96.1157
1560776400,1560779999,0.01054,0.010728,0.010535,0.010549,68.1965
1560780000,1560783599,0.01059,0.01059,0.010509,0.010509,18.7803
1560783600,1560787199,0.010519,0.01054,0.0105,0.0105,125.1397
1560787200,1560790799,0.010481,0.010795,0.010481,0.010795,12.6303
1560790800,1560794399,0.010799,0.011168,0.010787,0.010939,158.8585
1560794400,1560797999,0.01099,0.01113,0.010937,0.010937,59.8542
1560798000,1560801599,0.010937,0.010955,0.0107,0.010814,62.5729
1560801600,1560805199,0.010748,0.0108,0.010707,0.010797,31.9041
1560805200,1560808799,0.010786,0.010823,0.01073,0.0108,33.9886
1560808800,1560812399,0.010793,0.010793,0.010729,0.010733,19.4392
1560812400,1560815999,0.010716,0.011232,0.010701,0.010937,105.4451
1560816000,1560819599,0.010924,0.011053,0.010924,0.010993,144.2737
1560819600,1560823199,0.011073,0.01113,0.011001,0.011097,1.4313
1560823200,1560826799,0.011152,0.011191,0.011052,0.011052,26.1657
1560826800,1560830399,0.011063,0.011133,0.01102,0.011107,0.3572
1560830400,1560833999,0.011057,0.01126,0.011057,0.011215,21.4964
1560834000,1560837599,0.011264,0.011565,0.011243,0.011565,87.1435
1560837600,1560841199,0.011584,0.0117,0.011285,0.01148,326.0188
1560841200,1560844799,0.011501,0.011501,0.011021,0.011233,104.0937
1560844800,1560848399,0.011256,0.011372,0.011252,0.011372,51.773
1560848400,1560851999,0.011324,0.011324,0.011278,0.011301,0.391
1560852000,1560855599,0.011314,0.011538,0.011314,0.011538,53.2588
1560855600,1560859199,0.01149,0.0118,0.0114,0.011791,34.2685
1560859200,1560862799,0.0118,0.012179,0.011746,0.012079,432.8003
1560862800,1560866399,0.012068,0.012449,0.011922,0.011947,236.335
1560866400,1560869999,0.011957,0.0121,0.01189,0.012008,138.4738
1560870000,1560873599,0.011961,0.012,0.011745,0.012,216.2511
1560873600,1560877199,0.01186,0.011912,0.011589,0.011685,50.3293
1560877200,1560880799,0.011665,0.012021,0.011664,0.012021,210.4775
1560880800,1560884399,0.012075,0.012077,0.011903,0.012015,870.7104
1560884400,1560887999,0.01206,0.012199,0.012,0.01209,118.4226
1560888000,1560891599,0.0121,0.01214,0.012,0.01201,88.4167
1560891600,1560895199,0.01206,0.01212,0.011958,0.012053,30.7262
1560895200,1560898799,0.012072,0.01238,0.012072,0.01234,90.8901
1560898800,1560902399,0.012347,0.0125,0.012346,0.012346,164.6307
1560902400,1560905999,0.012358,0.012488,0.012215,0.012297,419.7959
1560906000,1560909599,0.012302,0.012595,0.012302,0.012484,139.3211
1560909600,1560913199,0.012547,0.012547,0.012432,0.012533,28.735
1560913200,1560916799,0.012533,0.012577,0.012441,0.012477,180.3339
1560916800,1560920399,0.01245,0.012473,0.012187,0.012336,60.1512
1560920400,1560923999,0.012384,0.012384,0.012278,0.012369,146.9994
1560924000,1560927599,0.01237,0.01257,0.012349,0.012466,882.0701
1560927600,1560931199,0.012509,0.012509,0.012317,0.012435,55.1028
1560931200,1560934799,0.0124,0.0124,0.012329,0.012353,22.2995
1560934800,1560938399,0.012304,0.01235,0.012165,0.012175,215.4481
1560938400,1560941999,0.012175,0.012289,0.012163,0.012163,13.4523
1560942000,1560945599,0.012116,0.012164,0.012,0.012153,119.9386
1560945600,1560949199,0.012154,0.012154,0.011773,0.011907,114.9762
1560949200,1560952799,0.011906,0.012,0.011784,0.011967,239.1335
1560952800,1560956399,0.011967,0.011967,0.011776,0.011922,54.4005
1560956400,1560959999,0.011922,0.011946,0.01188,0.011946,5.3326
1560960000,1560963599,0.012,0.012103,0.011993,0.012102,43.8175
1560963600,1560967199,0.012103,0.012149,0.012,0.012037,71.5082
1560967200,1560970799,0.012057,0.012089,0.01205,0.012089,1.3666
1560970800,1560974399,0.012089,0.012089,0.01205,0.01205,1.8616
1560974400,1560977999,0.01205,0.012057,0.012033,0.01204,130.4582
1560978000,1560981599,0.01204,0.012133,0.01204,0.012101,33.7412
1560981600,1560985199,0.01213,0.01213,0.011959,0.012039,168.0297
1560985200,1560988799,0.012039,0.012039,0.011933,0.01195,8.594
1560988800,1560992399,0.01195,0.012004,0.011863,0.011863,3.0278
1560992400,1560995999,0.011863,0.011894,0.011863,0.011881,0.6445
1560996000,1560999599,0.01188,0.01188,0.011804,0.011807,1.1577
1560999600,1561003199,0.011794,0.011818,0.0116,0.011608,31.0854
1561003200,1561006799,0.011571,0.011608,0.011571,0.011594,47.571
1561006800,1561010399,0.011594,0.011639,0.011572,0.011639,161.2411
1561010400,1561013999,0.011608,0.011711,0.011608,0.011703,2.6587
1561014000,1561017599,0.011704,0.011815,0.011704,0.011773,8.148
1561017600,1561021199,0.011724,0.011728,0.011612,0.011665,13.3619
1561021200,1561024799,0.011634,0.011689,0.011609,0.011689,1.1182
1561024800,1561028399,0.011714,0.011714,0.011627,0.011627,7.9768
1561028400,1561031999,0.011682,0.011682,0.011596,0.011602,16.795
1561032000,1561035599,0.011599,0.011599,0.0115,0.011549,52.9137
1561035600,1561039199,0.011535,0.011551,0.01149,0.011551,64.4724
1561050000,1561053599,0.011584,0.01179,0.011584,0.011638,52.422
1561053600,1561057199,0.011644,0.01171,0.01161,0.01161,41.4889
1561057200,1561060799,0.01155,0.011559,0.011507,0.01151,66.1002
1561060800,1561064399,0.011456,0.011507,0.011422,0.011501,98.1845
1561064400,1561067999,0.011517,0.01152,0.011471,0.011471,8.6938
1561068000,1561071599,0.01149,0.0115,0.011471,0.011471,29.3407
1561071600,1561075199,0.01148,0.01148,0.011471,0.01148,1.7407
1561075200,1561078799,0.011491,0.011899,0.011491,0.0118,30.6902
1561078800,1561082399,0.01181,0.011813,0.011571,0.011619,121.9021
1561082400,1561085999,0.011621,0.011621,0.011393,0.01143,48.563
1561086000,1561089599,0.01143,0.011462,0.01142,0.01142,17.2453
1561089600,1561093199,0.011362,0.011464,0.011319,0.011463,327.3503
1561093200,1561096799,0.011451,0.011479,0.011413,0.011469,7.0099
1561096800,1561100399,0.011532,0.011582,0.011475,0.011545,34.4573
1561100400,1561103999,0.01151,0.011605,0.01151,0.011528,1.0022
1561104000,1561107599,0.011558,0.01163,0.01154,0.011609,4.9067
1561107600,1561111199,0.011633,0.01164,0.011558,0.011558,0.6203
1561111200,1561114799,0.011562,0.011562,0.011342,0.011378,18.7327
1561114800,1561118399,0.011398,0.011398,0.011199,0.011212,18.6087
1561118400,1561121999,0.011212,0.011302,0.011212,0.011275,118.3803
1561122000,1561125599,0.011266,0.011297,0.0111,0.011192,180.8185
1561125600,1561129199,0.011161,0.011186,0.011098,0.011098,0.5401
1561129200,1561132799,0.0111,0.01118,0.011084,0.01113,49.1458
1561132800,1561136399,0.011205,0.011256,0.011178,0.011256,36.6225
1561136400,1561139999,0.011255,0.011255,0.0112,0.011244,21.7218
1561140000,1561143599,0.011223,0.011268,0.011221,0.011221,18.4296
1561143600,1561147199,0.011153,0.011153,0.011078,0.011091,1.162
1561147200,1561150799,0.01107,0.011094,0.011008,0.011031,14.2632
1561150800,1561154399,0.011031,0.01112,0.011029,0.011088,9.709
1561154400,1561157999,0.011121,0.011121,0.011054,0.011093,4.1752
1561158000,1561161599,0.011057,0.011077,0.010814,0.010826,435.7054
1561161600,1561165199,0.01083,0.010963,0.0108,0.010866,143.9813
1561165200,1561168799,0.010911,0.010928,0.010632,0.010654,70.8942
